POS,Player,Mat,Inns,NO,Runs,HS,Avg,BF,SR,100,50,4s,6s,Year
1,Michael Hussey,17,17,3,733,95,52.35,566,129.5,0,6,81,17,2013
2,Chris Gayle,16,16,4,708,175,59,453,156.29,1,4,57,51,2013
3,Virat Kohli,16,16,2,634,99,45.28,457,138.73,0,6,64,22,2013
4,Suresh Raina,18,17,4,548,100,42.15,365,150.13,1,4,50,18,2013
5,Shane Watson,16,16,2,543,101,38.78,380,142.89,1,2,59,22,2013
6,Rohit Sharma,19,19,5,538,79,38.42,409,131.54,0,4,35,28,2013
7,Dinesh Karthik,19,19,1,510,86,28.33,411,124.08,0,2,54,14,2013
8,Ajinkya Rahane,18,18,4,488,68,34.85,458,106.55,0,4,42,11,2013
9,Rahul Dravid,18,17,1,471,65,29.43,425,110.82,0,4,64,5,2013
10,MS Dhoni,18,16,5,461,67,41.9,283,162.89,0,4,32,25,2013
11,Aaron Finch,14,14,0,456,67,32.57,336,135.71,0,4,54,16,2013
12,Robin Uthappa,16,16,0,434,75,27.12,371,116.98,0,2,42,12,2013
13,Kieron Pollard,18,18,8,420,66,42,281,149.46,0,3,27,29,2013
14,Dwayne Smith,13,13,0,418,68,32.15,341,122.58,0,4,40,19,2013
15,David Miller,12,12,5,418,101,59.71,254,164.56,1,3,28,24,2013
16,David Warner,16,16,3,410,77,31.53,323,126.93,0,4,41,14,2013
17,Gautam Gambhir,16,16,0,406,60,25.37,343,118.36,0,4,51,5,2013
18,AB de Villiers,14,14,4,360,64,36,219,164.38,0,2,34,15,2013
19,Yusuf Pathan,16,16,5,332,72,30.18,240,138.33,0,1,30,14,2013
20,Mahela Jayawardena,15,15,0,331,66,22.06,313,105.75,0,2,39,6,2013
21,Murali Vijay,15,15,1,312,55,22.28,286,109.09,0,2,27,8,2013
22,Jacques Kallis,16,16,1,311,41,20.73,322,96.58,0,0,35,3,2013
23,Shikhar Dhawan,10,10,2,311,73,38.87,253,122.92,0,3,37,5,2013
24,Eoin Morgan,14,13,2,307,51,27.9,240,127.91,0,1,28,13,2013
25,Shaun Marsh,8,8,0,300,77,37.5,249,120.48,0,3,39,4,2013
26,Virender Sehwag,13,13,1,295,95,24.58,233,126.6,0,1,41,6,2013
27,Parthiv Patel,13,13,0,294,61,22.61,255,115.29,0,1,37,4,2013
28,Adam Gilchrist,13,13,1,294,85,24.5,229,128.38,0,1,41,6,2013
29,Brad Hodge,17,14,7,293,54,41.85,218,134.4,0,1,27,9,2013
30,Stuart Binny,17,16,7,293,41,32.55,199,147.23,0,0,25,12,2013
31,Sachin Tendulkar,14,14,1,287,54,22.07,231,124.24,0,1,38,5,2013
32,Ambati Rayudu,19,17,3,265,37,18.92,231,114.71,0,0,22,4,2013
33,Mandeep Singh,16,14,1,260,77,20,223,116.59,0,1,36,0,2013
34,Manvinder Bisla,14,14,1,255,92,19.61,236,108.05,0,2,36,6,2013
35,Hanuma Vihari,17,17,3,241,46,17.21,278,86.69,0,0,17,1,2013
36,Yuvraj Singh,13,13,1,238,34,19.83,190,125.26,0,0,14,15,2013
37,David Hussey,12,11,1,235,41,23.5,209,112.44,0,0,20,6,2013
38,Thisara Perera,16,14,4,233,40,23.3,163,142.94,0,0,12,14,2013
39,Cameron White,13,13,1,209,52,17.41,191,109.42,0,1,18,7,2013
40,Sanju Samson,11,10,2,206,63,25.75,178,115.73,0,1,19,5,2013
41,Ravindra Jadeja,18,14,6,201,38,25.12,135,148.88,0,0,17,6,2013
42,Azhar Mahmood,11,10,0,196,80,19.6,154,127.27,0,2,22,5,2013
43,Ben Rohrer,8,8,2,193,64,32.16,140,137.85,0,1,21,5,2013
44,Darren Sammy,10,9,3,174,60,29,132,131.81,0,1,11,10,2013
45,Angelo Mathews,11,10,3,172,40,24.57,139,123.74,0,0,5,10,2013
46,Moises Henriques,10,9,5,165,44,41.25,125,132,0,0,20,3,2013
47,Manan Vohra,12,10,2,161,43,20.12,117,137.6,0,0,22,2,2013
48,Steve Smith,7,7,3,159,41,39.75,132,120.45,0,0,15,4,2013
49,Unmukt Chand,9,9,0,158,41,17.55,158,100,0,0,17,4,2013
50,Kedar Jadhav,12,10,3,152,31,21.71,124,122.58,0,0,8,5,2013
51,Manoj Tiwary,10,9,1,146,33,18.25,140,104.28,0,0,12,1,2013
52,Irfan Pathan,15,13,5,142,24,17.75,152,93.42,0,0,9,3,2013
53,Mitchell Marsh,9,8,1,140,38,20,106,132.07,0,0,6,10,2013
54,Manish Pandey,7,7,1,136,66,22.66,137,99.27,0,1,11,3,2013
55,Manpreet Juneja,7,7,0,125,49,17.85,128,97.65,0,0,11,1,2013
56,Ashish Reddy,12,10,4,125,36,20.83,89,140.44,0,0,8,5,2013
57,Dishant Yagnik,12,9,1,125,34,15.62,96,130.2,0,0,17,2,2013
58,Subramaniam Badrinath,18,8,1,124,34,17.71,121,102.47,0,0,11,0,2013
59,Biplap Samantray,8,7,2,123,55,24.6,111,110.81,0,1,13,2,2013
60,Aditya Tare,5,5,0,123,59,24.6,84,146.42,0,1,14,5,2013
61,Dwayne Bravo,18,12,4,121,23,15.12,106,114.15,0,0,11,3,2013
62,Kumar Sangakkara,9,9,0,120,28,13.33,136,88.23,0,0,13,0,2013
63,Harbhajan Singh,19,14,8,116,25,19.33,79,146.83,0,0,12,5,2013
64,Saurabh Tiwary,9,6,2,109,52,27.25,106,102.83,0,1,4,4,2013
65,Rajagopal Sathish,9,8,3,109,27,21.8,77,141.55,0,0,9,5,2013
66,Gurkeerat Mann Singh,11,9,1,108,31,13.5,95,113.68,0,0,10,3,2013
67,Luke Wright,6,6,1,106,44,21.2,60,176.66,0,0,16,3,2013
68,Rajat Bhatia,15,10,4,99,26,16.5,80,123.75,0,0,8,3,2013
69,Cheteshwar Pujara,4,4,0,92,51,23,99,92.92,0,1,14,0,2013
70,Akshath Reddy,7,7,0,91,27,13,101,90.09,0,0,9,0,2013
71,Amit Mishra,17,8,2,89,30,14.83,96,92.7,0,0,9,0,2013
72,Karn Sharma,13,7,3,85,39,21.25,86,98.83,0,0,6,2,2013
73,Ryan ten Doeschate,4,4,1,85,42,28.33,63,134.92,0,0,9,2,2013
74,Tillakaratne Dilshan,5,5,0,76,33,15.2,93,81.72,0,0,12,0,2013
75,Debabrata Das,10,6,1,75,23,15,74,101.35,0,0,5,5,2013
76,Vinay Kumar,16,5,4,70,26,70,44,159.09,0,0,6,3,2013
77,Wriddhiman Saha,3,3,0,70,39,23.33,56,125,0,0,6,4,2013
78,Mayank Agarwal,5,5,0,67,29,13.4,62,108.06,0,0,6,3,2013
79,Abhishek Nayar,11,9,3,66,25,11,73,90.41,0,0,5,0,2013
80,Piyush Chawla,16,11,5,64,23,10.66,57,112.28,0,0,5,3,2013
81,Ross Taylor,5,5,0,63,19,12.6,76,82.89,0,0,2,1,2013
82,Luke Pomersbach,3,3,1,58,33,29,59,98.3,0,0,5,1,2013
83,Morne Morkel,10,6,1,57,23,11.4,29,196.55,0,0,6,3,2013
84,James Faulkner,16,9,4,57,19,11.4,57,100,0,0,5,2,2013
85,Dale Steyn,17,8,6,53,18,26.5,36,147.22,0,0,5,2,2013
86,Ricky Ponting,6,5,0,52,28,10.4,75,69.33,0,0,3,1,2013
87,Bhuvneshwar Kumar,16,9,2,52,24,7.42,71,73.23,0,0,3,1,2013
88,Tirumalasetti Suman,7,5,0,52,23,10.4,58,89.65,0,0,8,0,2013
89,Praveen Kumar,15,7,1,47,24,7.83,39,120.51,0,0,3,3,2013
90,Albie Morkel,8,3,0,46,23,15.33,37,124.32,0,0,2,3,2013
91,Manpreet Gony,8,5,1,45,42,11.25,25,180,0,0,4,3,2013
92,Chidhambaram Gautam,3,3,1,44,30,22,34,129.41,0,0,4,1,2013
93,Johan Botha,6,6,0,43,23,7.16,52,82.69,0,0,5,1,2013
94,Arun Karthik,12,5,2,41,19,13.66,38,107.89,0,0,3,1,2013
95,Mitchell Johnson,17,6,2,39,11,9.75,36,108.33,0,0,2,2,2013
96,Kevon Cooper,14,5,1,39,26,9.75,22,177.27,0,0,4,2,2013
97,Umesh Yadav,16,8,7,38,12,38,38,100,0,0,3,1,2013
98,Ravi Rampaul,10,6,2,38,23,9.5,37,102.7,0,0,3,1,2013
99,Glenn Maxwell,3,3,1,36,23,18,27,133.33,0,0,1,4,2013
100,Ravichandran Ashwin,18,5,1,35,11,8.75,49,71.42,0,0,4,0,2013
101,Kane Richardson,3,2,0,34,26,17,36,94.44,0,0,2,1,2013
102,Owais Shah,2,2,0,25,24,12.5,23,108.69,0,0,2,0,2013
103,Jeevan Mendis,3,3,0,23,12,7.66,27,85.18,0,0,0,0,2013
104,Sumit Narwal,2,1,0,23,23,23,15,153.33,0,0,4,0,2013
105,Roelof van der Merwe,3,2,0,22,14,11,25,88,0,0,2,0,2013
106,Sunil Narine,16,6,3,21,13,7,19,110.52,0,0,0,2,2013
107,Brett Lee,3,2,1,21,16,21,12,175,0,0,1,2,2013
108,Rishi Dhawan,6,4,1,21,14,7,21,100,0,0,3,0,2013
109,KL Rahul,5,2,0,20,12,10,16,125,0,0,4,0,2013
110,Abhinav Mukund,1,1,0,19,19,19,21,90.47,0,0,1,0,2013
111,Bharat Chipli,1,1,0,16,16,16,18,88.88,0,0,1,1,2013
112,Shahbaz Nadeem,12,6,1,14,6,2.8,27,51.85,0,0,1,0,2013
113,Dwaraka Ravi Teja,2,2,1,14,10,14,17,82.35,0,0,0,0,2013
114,Kushal Janith Perera,2,2,0,14,14,7,13,107.69,0,0,3,0,2013
115,Chris Morris,16,6,4,14,7,7,16,87.5,0,0,0,0,2013
116,Mithun Manhas,3,2,2,13,11,0,17,76.47,0,0,1,0,2013
117,Ajit Agarkar,4,2,1,12,9,12,16,75,0,0,0,0,2013
118,Andre Russell,3,2,0,11,7,5.5,14,78.57,0,0,0,0,2013
119,Rahul Sharma,11,6,2,11,10,2.75,17,64.7,0,0,1,0,2013
120,Syed Mohammad,4,2,0,10,9,5,13,76.92,0,0,1,0,2013
121,Sachithra Senanayake,8,4,3,10,7,10,17,58.82,0,0,0,0,2013
122,Thalaivan Sargunam,1,1,0,10,10,10,17,58.82,0,0,0,0,2013
123,Lakshmipathy Balaji,13,3,2,9,9,9,10,90,0,0,1,0,2013
124,Naman Ojha,2,2,1,9,9,9,10,90,0,0,1,0,2013
125,Karun Nair,2,2,0,9,9,4.5,12,75,0,0,0,0,2013
126,Lasith Malinga,17,6,2,9,7,2.25,18,50,0,0,1,0,2013
127,Nathan Coulter-Nile,1,1,0,9,9,9,6,150,0,0,0,1,2013
128,Ashok Dinda,13,5,3,9,6,4.5,11,81.81,0,0,1,0,2013
129,Iqbal Abdulla,5,2,2,8,6,0,14,57.14,0,0,0,0,2013
130,Marlon Samuels,2,2,0,8,5,4,18,44.44,0,0,1,0,2013
131,Siddarth Kaul,6,2,2,7,7,0,9,77.77,0,0,0,0,2013
132,Udit Birla,2,1,0,7,7,7,14,50,0,0,1,0,2013
133,Dan Christian,2,2,0,6,4,3,15,40,0,0,0,0,2013
134,Quinton de Kock,3,3,0,6,4,2,15,40,0,0,1,0,2013
135,Paul Valthaty,1,1,0,6,6,6,17,35.29,0,0,0,0,2013
136,Brendon McCullum,1,1,0,6,6,6,7,85.71,0,0,1,0,2013
137,Mohammad Shami,3,1,0,5,5,5,10,50,0,0,0,0,2013
138,Dimitri Mascarenhas,1,1,1,5,5,0,5,100,0,0,0,0,2013
139,Ali Murtaza,3,1,0,5,5,5,4,125,0,0,1,0,2013
140,Mahesh Rawat,2,2,1,5,5,5,11,45.45,0,0,0,0,2013
141,Wayne Parnell,4,1,0,5,5,5,7,71.42,0,0,0,0,2013
142,Parveez Rasool,2,2,1,5,4,5,9,55.55,0,0,0,0,2013
143,Paras Dogra,1,1,0,5,5,5,8,62.5,0,0,0,0,2013
144,Ben Laughlin,2,2,1,4,4,4,9,44.44,0,0,0,0,2013
145,Pradeep Sangwan,2,1,1,4,4,0,2,200,0,0,1,0,2013
146,Ajit Chandila,8,1,1,4,4,0,6,66.66,0,0,0,0,2013
147,Raiphi Gomez,2,1,1,4,4,0,1,400,0,0,1,0,2013
148,Laxmi Ratan Shukla,4,2,0,3,2,1.5,12,25,0,0,0,0,2013
149,Siddharth Trivedi,17,2,1,3,3,3,7,42.85,0,0,0,0,2013
150,Ryan McLaren,2,2,0,3,2,1.5,6,50,0,0,0,0,2013
1,Robin Uthappa,16,16,1,660,83,44,479,137.78,0,5,74,18,2014
2,Dwayne Smith,16,16,0,566,79,35.37,416,136.05,0,5,50,34,2014
3,Glenn Maxwell,16,16,0,552,95,34.5,294,187.75,0,4,48,36,2014
4,David Warner,14,14,3,528,90,48,375,140.8,0,6,39,24,2014
5,Suresh Raina,16,16,3,523,87,40.23,358,146.08,0,5,51,19,2014
6,Virender Sehwag,17,17,0,455,122,26.76,315,144.44,1,1,56,18,2014
7,David Miller,16,16,6,446,66,44.6,299,149.16,0,3,34,21,2014
8,JP Duminy,14,14,6,410,67,51.25,305,134.42,0,2,22,20,2014
9,Brendon McCullum,14,14,1,405,71,31.15,333,121.62,0,3,32,19,2014
10,Manish Pandey,16,16,3,401,94,30.84,340,117.94,0,2,35,10,2014
11,AB de Villiers,14,13,2,395,89,35.9,249,158.63,0,3,26,24,2014
12,Lendl Simmons,8,8,1,394,100,56.28,291,135.39,1,3,43,14,2014
13,Rohit Sharma,15,15,2,390,59,30,302,129.13,0,3,31,16,2014
14,Shikhar Dhawan,14,14,1,377,64,29,319,118.18,0,2,49,7,2014
15,Yuvraj Singh,14,14,3,376,83,34.18,278,135.25,0,3,22,28,2014
16,MS Dhoni,16,15,10,371,57,74.2,250,148.4,0,1,22,20,2014
17,Wriddhiman Saha,17,13,2,362,115,32.9,249,145.38,1,2,33,18,2014
18,Ambati Rayudu,15,14,0,361,68,25.78,287,125.78,0,2,31,8,2014
19,Virat Kohli,14,14,1,359,73,27.61,294,122.1,0,2,23,16,2014
20,Sanju Samson,13,13,0,339,74,26.07,273,124.17,0,2,25,17,2014
21,Ajinkya Rahane,13,12,0,339,72,28.25,291,116.49,0,3,38,3,2014
22,Gautam Gambhir,16,16,1,335,69,22.33,293,114.33,0,3,36,4,2014
23,Karun Nair,11,11,1,330,73,33,232,142.24,0,3,38,9,2014
24,Dinesh Karthik,14,14,0,325,69,23.21,258,125.96,0,3,28,11,2014
25,Manan Vohra,8,8,0,324,67,40.5,233,139.05,0,1,27,16,2014
26,Aaron Finch,13,13,2,309,88,28.09,263,117.49,0,2,31,9,2014
27,Faf du Plessis,15,12,1,303,54,27.54,235,128.93,0,2,26,7,2014
28,Kevin Pietersen,11,11,1,294,58,29.4,233,126.18,0,1,34,7,2014
29,Kieron Pollard,15,15,7,273,78,34.12,203,134.48,0,1,15,15,2014
30,Yusuf Pathan,15,12,3,268,72,29.77,165,162.42,0,1,15,20,2014
31,Corey Anderson,12,11,2,265,95,29.44,181,146.4,0,1,21,15,2014
32,George Bailey,17,16,7,257,40,28.55,190,135.26,0,0,19,10,2014
33,Shane Watson,13,13,1,240,51,20,196,122.44,0,2,19,14,2014
34,Naman Ojha,11,10,4,232,79,38.66,161,144.09,0,1,14,17,2014
35,Shakib Al Hasan,13,11,4,227,60,32.42,152,149.34,0,1,22,7,2014
36,Michael Hussey,9,9,0,209,56,23.22,182,114.83,0,2,17,7,2014
37,Murali Vijay,11,11,0,207,52,18.81,192,107.81,0,1,20,5,2014
38,Parthiv Patel,12,12,2,205,57,20.5,185,110.81,0,1,30,1,2014
39,Chris Gayle,9,9,0,196,46,21.77,184,106.52,0,0,18,12,2014
40,James Faulkner,13,12,8,181,41,45.25,94,192.55,0,0,8,16,2014
41,KL Rahul,11,8,0,166,46,20.75,164,101.21,0,0,12,3,2014
42,Suryakumar Yadav,16,10,5,164,34,32.8,117,140.17,0,0,16,5,2014
43,Quinton de Kock,7,7,0,153,48,21.85,130,117.69,0,0,19,4,2014
44,Manoj Tiwary,8,8,3,152,61,30.4,118,128.81,0,1,14,4,2014
45,Jacques Kallis,8,7,1,151,72,25.16,129,117.05,0,1,13,4,2014
46,Kedar Jadhav,10,10,5,149,37,29.8,101,147.52,0,0,13,7,2014
47,Steve Smith,10,7,3,147,48,36.75,110,133.63,0,0,13,4,2014
48,Ravindra Jadeja,16,10,5,146,36,29.2,110,132.72,0,0,9,5,2014
49,Aditya Tare,15,12,4,126,24,15.75,98,128.57,0,0,16,3,2014
50,Cheteshwar Pujara,6,6,1,125,40,25,124,100.8,0,0,17,0,2014
51,Stuart Binny,13,12,2,123,48,12.3,121,101.65,0,0,4,5,2014
52,Chidhambaram Gautam,9,9,2,121,33,17.28,111,109,0,0,13,5,2014
53,David Hussey,5,4,2,116,50,58,94,123.4,0,1,8,6,2014
54,Mayank Agarwal,8,8,0,115,31,14.37,91,126.37,0,0,12,3,2014
55,Darren Sammy,10,9,2,108,29,15.42,91,118.68,0,0,4,8,2014
56,Yogesh Takawale,5,5,0,104,45,20.8,91,114.28,0,0,17,1,2014
57,Brad Hodge,4,4,1,101,40,33.66,72,140.27,0,0,4,6,2014
58,Mitchell Starc,14,9,3,85,29,14.16,84,101.19,0,0,9,0,2014
59,Rishi Dhawan,13,6,4,82,23,41,75,109.33,0,0,8,1,2014
60,Sachin Rana,9,7,4,73,19,24.33,65,112.3,0,0,7,1,2014
61,Venugopal Rao,7,5,2,71,27,23.66,63,112.69,0,0,8,0,2014
62,Shaun Marsh,2,2,0,70,40,35,52,134.61,0,0,7,3,2014
63,Rajat Bhatia,12,7,2,67,23,13.4,53,126.41,0,0,4,3,2014
64,Axar Patel,17,8,2,62,42,10.33,60,103.33,0,0,6,1,2014
65,Ross Taylor,4,4,1,59,43,19.66,59,100,0,0,6,0,2014
66,Chris Lynn,2,2,0,58,45,29,49,118.36,0,0,5,3,2014
67,Mitchell Johnson,14,8,5,56,16,18.66,50,112,0,0,4,3,2014
68,Irfan Pathan,10,6,4,55,23,27.5,54,101.85,0,0,5,0,2014
69,Ryan ten Doeschate,10,7,3,52,25,13,33,157.57,0,0,3,4,2014
70,Albie Morkel,7,5,2,45,16,15,41,109.75,0,0,1,3,2014
71,Ravichandran Ashwin,16,6,3,45,14,15,45,100,0,0,4,0,2014
72,Abhishek Nayar,5,4,1,43,23,14.33,47,91.48,0,0,5,1,2014
73,Jimmy Neesham,4,3,0,42,22,14,46,91.3,0,0,3,1,2014
74,Karn Sharma,14,8,4,42,17,10.5,29,144.82,0,0,1,3,2014
75,Ben Dunk,3,3,0,40,20,13.33,35,114.28,0,0,7,0,2014
76,Rilee Rossouw,3,3,0,39,24,13,41,95.12,0,0,2,2,2014
77,Kevon Cooper,5,5,2,39,32,13,26,150,0,0,2,3,2014
78,Varun Aaron,10,3,3,35,17,0,34,102.94,0,0,2,1,2014
79,Dhawal Kulkarni,8,2,2,35,28,0,25,140,0,0,1,2,2014
80,Mithun Manhas,12,5,3,35,13,17.5,23,152.17,0,0,3,1,2014
81,Ankit Sharma,3,2,0,34,30,17,30,113.33,0,0,4,1,2014
82,Piyush Chawla,11,5,2,31,17,10.33,19,163.15,0,0,4,1,2014
83,Laxmi Ratan Shukla,5,3,0,31,21,10.33,38,81.57,0,0,2,1,2014
84,Vijay Zol,3,2,0,29,16,14.5,26,111.53,0,0,3,1,2014
85,Harbhajan Singh,14,7,2,28,10,5.6,25,112,0,0,2,2,2014
86,Mandeep Singh,3,3,0,24,21,8,26,92.3,0,0,2,0,2014
87,Dale Steyn,14,4,1,22,12,7.33,26,84.61,0,0,1,0,2014
88,Rahul Shukla,3,3,2,18,14,18,21,85.71,0,0,2,0,2014
89,Nic Maddinson,2,2,0,16,12,8,14,114.28,0,0,3,0,2014
90,Rahul Tewatia,3,1,0,16,16,16,13,123.07,0,0,0,1,2014
91,Jason Holder,1,1,0,16,16,16,12,133.33,0,0,2,1,2014
92,Ravi Rampaul,2,1,0,13,13,13,13,100,0,0,0,1,2014
93,Harshal Patel,3,3,1,13,6,6.5,7,185.71,0,0,1,1,2014
94,Shreyas Gopal,4,1,0,11,11,11,10,110,0,0,1,0,2014
95,Sunil Narine,16,5,3,10,6,5,14,71.42,0,0,0,0,2014
96,Moises Henriques,4,2,0,9,9,4.5,14,64.28,0,0,1,0,2014
97,Zaheer Khan,6,4,3,8,7,8,7,114.28,0,0,0,1,2014
98,Imran Tahir,6,2,0,8,4,4,10,80,0,0,2,0,2014
99,Ben Cutting,1,1,0,8,8,8,6,133.33,0,0,0,1,2014
100,Dwayne Bravo,1,1,1,8,8,0,3,266.66,0,0,0,1,2014
101,Shahbaz Nadeem,11,3,1,7,3,3.5,19,36.84,0,0,0,0,2014
102,Pravin Tambe,13,2,0,5,3,2.5,9,55.55,0,0,0,0,2014
103,Shivam Sharma,4,2,1,5,4,5,3,166.66,0,0,1,0,2014
104,Morne Morkel,12,2,2,4,4,0,3,133.33,0,0,0,0,2014
105,Vinay Kumar,9,4,2,4,4,2,6,66.66,0,0,0,0,2014
106,Ashok Dinda,9,3,2,4,2,4,12,33.33,0,0,0,0,2014
107,Amit Mishra,10,2,1,4,4,4,7,57.14,0,0,0,0,2014
108,Tim Southee,3,1,0,4,4,4,4,100,0,0,1,0,2014
109,Dishant Yagnik,1,1,1,4,4,0,6,66.66,0,0,0,0,2014
110,Abu Nechim,4,1,1,4,4,0,1,400,0,0,1,0,2014
111,Mohammad Shami,12,4,2,3,1,1.5,7,42.85,0,0,0,0,2014
112,Manvinder Bisla,1,1,0,3,3,3,9,33.33,0,0,0,0,2014
113,Srikkanth Anirudha,1,1,0,3,3,3,5,60,0,0,0,0,2014
114,Lasith Malinga,10,1,0,2,2,2,4,50,0,0,0,0,2014
115,Wayne Parnell,8,2,1,2,2,2,2,100,0,0,0,0,2014
116,Sandeep Sharma,11,1,1,2,2,0,5,40,0,0,0,0,2014
117,Umesh Yadav,12,1,0,2,2,2,4,50,0,0,0,0,2014
118,Andre Russell,2,2,0,2,1,1,8,25,0,0,0,0,2014
119,Siddarth Kaul,5,1,1,2,2,0,2,100,0,0,0,0,2014
120,Unmukt Chand,1,1,0,2,2,2,9,22.22,0,0,0,0,2014
121,Yuzvendra Chahal,14,2,2,1,1,0,1,100,0,0,0,0,2014
122,Kane Richardson,7,1,0,1,1,1,2,50,0,0,0,0,2014
123,Bhuvneshwar Kumar,14,2,1,1,1,1,4,25,0,0,0,0,2014
124,Jasprit Bumrah,11,2,2,1,1,0,3,33.33,0,0,0,0,2014
125,Jaydev Unadkat,9,2,1,1,1,1,6,16.66,0,0,0,0,2014
126,Praveen Kumar,3,1,0,1,1,1,2,50,0,0,0,0,2014
127,Marchant de Lange,1,1,0,1,1,1,2,50,0,0,0,0,2014
128,Vikramjeet Malik,1,1,1,1,1,0,2,50,0,0,0,0,2014
129,Karanveer Singh,5,1,1,1,1,0,1,100,0,0,0,0,2014
130,Lakshmipathy Balaji,9,2,1,1,1,1,3,33.33,0,0,0,0,2014
131,Mohit Sharma,16,1,1,1,1,0,3,33.33,0,0,0,0,2014
132,Beuran Hendricks,3,1,0,0,0,0,1,0,0,0,0,0,2014
1,David Warner,14,14,1,562,91,43.23,359,156.54,0,7,65,21,2015
2,Lendl Simmons,13,13,1,540,71,45,441,122.44,0,6,56,21,2015
3,Ajinkya Rahane,14,13,2,540,91,49.09,413,130.75,0,4,53,13,2015
4,AB de Villiers,16,14,3,513,133,46.63,293,175.08,1,2,60,22,2015
5,Virat Kohli,16,16,5,505,82,45.9,386,130.82,0,3,35,23,2015
6,Chris Gayle,14,14,2,491,117,40.91,333,147.44,1,2,39,38,2015
7,Rohit Sharma,16,16,2,482,98,34.42,333,144.74,0,3,41,21,2015
8,Shreyas Iyer,14,14,1,439,83,33.76,342,128.36,0,4,41,21,2015
9,Brendon McCullum,14,14,1,436,100,33.53,280,155.71,1,2,51,23,2015
10,Kieron Pollard,16,14,3,419,70,38.09,256,163.67,0,2,28,28,2015
11,JP Duminy,14,13,3,414,78,41.4,315,131.42,0,4,27,20,2015
12,Dwayne Smith,16,16,0,399,62,24.93,335,119.1,0,2,52,16,2015
13,Faf du Plessis,17,15,2,380,55,29.23,304,125,0,1,37,5,2015
14,Suresh Raina,17,17,2,374,62,24.93,304,123.02,0,2,31,16,2015
15,MS Dhoni,17,17,5,372,53,31,305,121.96,0,1,27,17,2015
16,Robin Uthappa,13,13,1,364,80,30.33,277,131.4,0,1,42,7,2015
17,David Miller,13,13,2,357,89,32.45,266,134.21,0,2,21,21,2015
18,Shikhar Dhawan,14,14,1,353,54,27.15,286,123.42,0,3,45,6,2015
19,Shane Watson,10,9,1,347,104,43.37,257,135.01,1,1,37,14,2015
20,Parthiv Patel,14,14,1,339,59,26.07,246,137.8,0,2,47,5,2015
21,Gautam Gambhir,13,13,0,327,60,25.15,278,117.62,0,3,41,4,2015
22,Andre Russell,13,11,2,326,66,36.22,169,192.89,0,3,35,19,2015
23,Yusuf Pathan,13,12,5,312,52,44.57,231,135.06,0,1,29,12,2015
24,Steve Smith,14,12,1,293,79,26.63,221,132.57,0,2,33,3,2015
25,Moises Henriques,9,9,2,287,74,41,211,136.01,0,2,19,13,2015
26,Ambati Rayudu,15,14,5,281,53,31.22,193,145.59,0,1,18,16,2015
27,George Bailey,13,13,2,259,61,23.54,190,136.31,0,2,22,7,2015
28,Murali Vijay,11,11,0,251,39,22.81,228,110.08,0,0,27,8,2015
29,Wriddhiman Saha,14,13,0,249,42,19.15,197,126.39,0,0,16,10,2015
30,Yuvraj Singh,14,13,0,248,57,19.07,210,118.09,0,2,23,10,2015
31,Manish Pandey,13,12,1,225,40,20.45,184,122.28,0,0,22,7,2015
32,Mayank Agarwal,10,10,1,213,68,23.66,177,120.33,0,2,23,7,2015
33,Axar Patel,14,12,3,206,40,22.88,174,118.39,0,0,13,8,2015
34,Sanju Samson,14,11,1,204,76,20.4,163,125.15,0,1,16,8,2015
35,Dwayne Bravo,17,14,5,195,62,21.66,148,131.75,0,1,22,5,2015
36,Kedar Jadhav,14,12,4,189,63,23.62,140,135,0,1,16,7,2015
37,Eoin Morgan,9,9,1,187,63,23.37,151,123.84,0,1,11,11,2015
38,Karun Nair,14,12,1,181,61,16.45,145,124.82,0,1,18,5,2015
39,Suryakumar Yadav,13,13,4,157,46,17.44,113,138.93,0,0,12,8,2015
40,Mandeep Singh,14,9,2,157,54,22.42,100,157,0,1,17,6,2015
41,Deepak Hooda,14,9,0,151,54,16.77,95,158.94,0,1,6,11,2015
42,Ravi Bopara,9,8,3,145,41,29,120,120.83,0,0,6,6,2015
43,Glenn Maxwell,11,11,0,145,43,13.18,112,129.46,0,0,13,8,2015
44,Angelo Mathews,11,10,3,144,28,20.57,104,138.46,0,0,12,6,2015
45,James Faulkner,13,11,3,144,46,18,109,132.11,0,0,12,5,2015
46,KL Rahul,9,8,3,142,44,28.4,126,112.69,0,0,8,5,2015
47,Dinesh Karthik,16,11,0,141,28,12.81,117,120.51,0,0,15,4,2015
48,Naman Ojha,14,11,1,137,28,13.7,121,113.22,0,0,12,4,2015
49,Ravindra Jadeja,17,12,5,132,24,18.85,126,104.76,0,0,7,3,2015
50,David Wiese,14,7,3,122,47,30.5,86,141.86,0,0,12,4,2015
51,Quinton de Kock,3,3,0,122,69,40.66,77,158.44,0,2,18,4,2015
52,Harbhajan Singh,15,10,3,117,64,16.71,73,160.27,0,1,9,9,2015
53,Pawan Negi,10,9,1,116,36,14.5,73,158.9,0,0,10,5,2015
54,Corey Anderson,4,4,1,114,55,38,97,117.52,0,2,11,6,2015
55,Hardik Pandya,9,8,3,112,61,22.4,62,180.64,0,1,9,8,2015
56,Sarfaraz Khan,13,8,4,111,45,27.75,71,156.33,0,0,12,2,2015
57,Saurabh Tiwary,7,6,6,109,28,0,78,139.74,0,0,9,5,2015
58,Karn Sharma,14,9,3,104,32,17.33,85,122.35,0,0,3,6,2015
59,Unmukt Chand,6,5,0,102,58,20.4,83,122.89,0,1,13,2,2015
60,Virender Sehwag,8,8,0,99,47,12.37,84,117.85,0,0,12,3,2015
61,Albie Morkel,4,3,2,86,73,86,65,132.3,0,1,9,2,2015
62,Manan Vohra,7,7,0,82,39,11.71,81,101.23,0,0,4,5,2015
63,Shaun Marsh,4,4,0,81,65,20.25,58,139.65,0,1,7,3,2015
64,Michael Hussey,4,4,0,77,56,19.25,70,110,0,1,5,3,2015
65,Chris Morris,11,7,5,76,34,38,46,165.21,0,0,3,5,2015
66,Stuart Binny,13,8,4,74,20,18.5,66,112.12,0,0,7,1,2015
67,Ashish Reddy,6,5,2,73,22,24.33,46,158.69,0,0,3,5,2015
68,Ryan ten Doeschate,6,5,2,61,38,20.33,45,135.55,0,0,4,3,2015
69,Manoj Tiwary,5,3,1,57,32,28.5,56,101.78,0,0,8,1,2015
70,Piyush Chawla,13,8,4,54,22,13.5,47,114.89,0,0,5,2,2015
71,Ravichandran Ashwin,14,6,3,52,23,17.33,32,162.5,0,0,6,1,2015
72,Jagadeesha Suchith,13,6,5,48,34,48,32,150,0,0,4,2,2015
73,Hanuma Vihari,5,4,0,39,16,9.75,35,111.42,0,0,6,0,2015
74,Manvinder Bisla,2,2,0,37,20,18.5,30,123.33,0,0,6,1,2015
75,Shakib Al Hasan,4,3,0,36,23,12,27,133.33,0,0,5,0,2015
76,Rishi Dhawan,5,5,3,36,25,18,33,109.09,0,0,2,2,2015
77,Gurkeerat Mann Singh,5,5,0,35,15,7,39,89.74,0,0,3,1,2015
78,Kane Williamson,2,2,1,31,26,31,27,114.81,0,0,1,1,2015
79,Johan Botha,4,3,0,31,17,10.33,15,206.66,0,0,5,1,2015
80,Mitchell Johnson,9,8,4,31,13,7.75,36,86.11,0,0,1,1,2015
81,Umesh Yadav,12,4,3,29,24,29,14,207.14,0,0,5,1,2015
82,Mohit Sharma,16,6,3,28,21,9.33,18,155.55,0,0,1,2,2015
83,Aaron Finch,3,3,1,23,10,11.5,33,69.69,0,0,4,0,2015
84,Nathan Coulter-Nile,11,5,1,20,6,5,18,111.11,0,0,2,1,2015
85,Dale Steyn,6,3,2,20,19,20,13,153.84,0,0,3,0,2015
86,Iqbal Abdulla,5,2,0,20,20,10,18,111.11,0,0,4,0,2015
87,Harshal Patel,15,7,2,19,9,3.8,12,158.33,0,0,0,2,2015
88,Anureet Singh,14,6,3,18,10,6,31,58.06,0,0,0,1,2015
89,Bhuvneshwar Kumar,14,3,2,17,11,17,10,170,0,0,2,1,2015
90,Praveen Kumar,12,4,1,17,12,5.66,25,68,0,0,1,0,2015
91,Sean Abbott,2,2,0,15,14,7.5,13,115.38,0,0,1,1,2015
92,Aditya Tare,2,2,0,14,7,7,17,82.35,0,0,1,0,2015
93,Rilee Rossouw,2,2,0,14,14,7,10,140,0,0,1,1,2015
94,Darren Sammy,2,2,0,13,7,6.5,18,72.22,0,0,0,0,2015
95,Mitchell McClenaghan,12,3,2,13,12,13,6,216.66,0,0,0,2,2015
96,Tim Southee,7,3,2,13,7,13,9,144.44,0,0,1,0,2015
97,Thisara Perera,2,2,0,12,9,6,15,80,0,0,0,1,2015
98,Mitchell Starc,13,3,2,11,9,11,14,78.57,0,0,1,0,2015
99,Karanveer Singh,4,3,2,11,5,11,16,68.75,0,0,1,0,2015
100,Abu Nechim,3,3,2,10,5,10,5,200,0,0,2,0,2015
101,Sandeep Sharma,14,3,2,9,7,9,14,64.28,0,0,1,0,2015
102,Amit Mishra,12,4,2,8,4,4,12,66.66,0,0,0,0,2015
103,Ankit Sharma,4,2,1,7,7,7,6,116.66,0,0,1,0,2015
104,Brad Hogg,6,2,1,7,5,7,6,116.66,0,0,0,0,2015
105,Shardul Thakur,1,1,1,7,7,0,6,116.66,0,0,1,0,2015
106,Lasith Malinga,15,1,1,6,6,0,10,60,0,0,1,0,2015
107,Varun Aaron,6,1,0,6,6,6,3,200,0,0,0,1,2015
108,Azhar Mahmood,1,1,0,6,6,6,7,85.71,0,0,1,0,2015
109,Imran Tahir,10,2,1,5,3,5,6,83.33,0,0,0,0,2015
110,Morne Morkel,7,1,1,4,4,0,3,133.33,0,0,0,0,2015
111,Chidhambaram Gautam,1,1,0,4,4,4,5,80,0,0,0,0,2015
112,Nic Maddinson,1,1,0,4,4,4,7,57.14,0,0,1,0,2015
113,Dhawal Kulkarni,11,2,0,4,3,2,11,36.36,0,0,0,0,2015
114,Pravin Tambe,10,2,2,3,2,0,5,60,0,0,0,0,2015
115,Parveez Rasool,2,1,1,2,2,0,2,100,0,0,0,0,2015
116,Shahbaz Nadeem,4,1,0,2,2,2,7,28.57,0,0,0,0,2015
117,Ronit More,2,1,1,2,2,0,2,100,0,0,0,0,2015
118,Domnic Joseph,6,2,1,1,1,1,3,33.33,0,0,0,0,2015
119,Ashish Nehra,16,4,3,1,1,1,7,14.28,0,0,0,0,2015
120,Yuzvendra Chahal,15,2,2,1,1,0,1,100,0,0,0,0,2015
121,Shreyas Gopal,1,1,1,1,1,0,1,100,0,0,0,0,2015
122,Bipul Sharma,4,1,0,1,1,1,2,50,0,0,0,0,2015
123,Juan Theron,1,1,1,1,1,0,1,100,0,0,0,0,2015
124,Beuran Hendricks,4,2,2,1,1,0,2,50,0,0,0,0,2015
125,Vinay Kumar,13,3,2,0,0,0,2,0,0,0,0,0,2015
126,Sunil Narine,8,1,1,0,0,0,1,0,0,0,0,0,2015
127,Pat Cummins,3,1,0,0,0,0,2,0,0,0,0,0,2015
128,Rajat Bhatia,2,1,0,0,0,0,1,0,0,0,0,0,2015
129,Sreenath Aravind,5,1,1,0,0,0,1,0,0,0,0,0,2015
Virat Kohli,16,16,4,973,113,81.08,640,152.03,4,7,83,38,,2016
2,David Warner,17,17,3,848,93,60.57,560,151.42,0,9,88,31,2016
3,AB de Villiers,16,16,3,687,129,52.84,407,168.79,1,6,57,37,2016
4,Shikhar Dhawan,17,17,4,501,82,38.53,429,116.78,0,4,51,8,2016
5,Gautam Gambhir,15,15,2,501,90,38.53,411,121.89,0,5,54,6,2016
6,Rohit Sharma,14,14,3,489,85,44.45,368,132.88,0,5,49,16,2016
7,Ajinkya Rahane,14,14,3,480,74,43.63,379,126.64,0,6,54,9,2016
8,Murali Vijay,14,14,1,453,89,34.84,364,124.45,0,5,50,10,2016
9,Quinton de Kock,13,13,1,445,108,37.08,327,136.08,1,3,52,13,2016
10,Suresh Raina,15,15,1,399,75,28.5,312,127.88,0,3,39,10,2016
11,KL Rahul,14,12,3,397,68,44.11,271,146.49,0,4,37,16,2016
12,Robin Uthappa,15,15,0,394,72,26.26,289,136.33,0,3,45,8,2016
13,Aaron Finch,13,12,2,393,74,39.3,299,131.43,0,5,45,11,2016
14,Yusuf Pathan,15,13,8,361,63,72.2,248,145.56,0,3,33,13,2016
15,Karun Nair,14,12,2,357,83,35.7,297,120.2,0,3,40,6,2016
16,Brendon McCullum,16,16,0,354,60,22.12,262,135.11,0,1,38,16,2016
17,Dinesh Karthik,16,15,2,335,53,25.76,266,125.93,0,3,38,3,2016
18,Ambati Rayudu,13,12,1,334,65,30.36,278,120.14,0,2,28,12,2016
19,Dwayne Smith,12,12,1,324,73,29.45,221,146.6,0,3,35,16,2016
20,Sanju Samson,14,14,3,291,60,26.45,259,112.35,0,1,20,8,2016
21,MS Dhoni,14,12,5,284,64,40.57,210,135.23,0,1,18,14,2016
22,Steve Smith,8,7,1,270,101,45,176,153.4,1,0,27,8,2016
23,Wriddhiman Saha,12,12,1,270,56,24.54,212,127.35,0,2,29,1,2016
24,Jos Buttler,14,14,3,255,41,23.18,184,138.58,0,0,23,11,2016
25,Manish Pandey,12,11,3,248,52,31,183,135.51,0,2,17,9,2016
26,Krunal Pandya,12,9,3,237,86,39.5,124,191.12,0,1,22,13,2016
27,Yuvraj Singh,10,10,1,236,44,26.22,179,131.84,0,0,22,13,2016
28,Chris Gayle,10,10,0,227,76,22.7,150,151.33,0,2,17,21,2016
29,Kieron Pollard,13,12,4,207,51,25.87,144,143.75,0,1,11,16,2016
30,Faf du Plessis,6,6,0,206,69,34.33,162,127.16,0,2,17,9,2016
31,Rishabh Pant,10,10,2,198,69,24.75,152,130.26,0,1,19,6,2016
32,Chris Morris,12,7,4,195,82,65,109,178.89,0,1,15,12,2016
33,JP Duminy,10,8,3,191,49,38.2,156,122.43,0,0,13,3,2016
34,Ravindra Jadeja,15,15,6,191,36,21.22,178,107.3,0,0,14,4,2016
35,Andre Russell,12,8,1,188,39,26.85,114,164.91,0,0,10,15,2016
36,Moises Henriques,17,15,3,182,31,15.16,158,115.18,0,0,15,6,2016
37,Suryakumar Yadav,15,11,4,182,60,26,143,127.27,0,1,18,5,2016
38,Shane Watson,16,15,2,179,36,13.76,134,133.58,0,0,14,12,2016
39,Glenn Maxwell,11,11,2,179,68,19.88,124,144.35,0,2,14,8,2016
40,Parthiv Patel,10,10,0,177,81,17.7,152,116.44,0,1,23,4,2016
41,Saurabh Tiwary,10,7,0,170,57,24.28,141,120.56,0,2,17,4,2016
42,Manan Vohra,7,7,0,161,51,23,131,122.9,0,1,19,3,2016
43,David Miller,14,13,3,161,31,16.1,131,122.9,0,0,11,4,2016
44,Shaun Marsh,6,6,1,159,56,31.8,134,118.65,0,1,13,4,2016
45,Hashim Amla,6,6,0,157,96,26.16,119,131.93,0,1,20,4,2016
46,Thisara Perera,12,10,3,150,34,21.42,93,161.29,0,0,7,11,2016
47,Marcus Stoinis,7,5,1,146,52,36.5,108,135.18,0,1,13,4,2016
48,Deepak Hooda,17,15,1,144,34,10.28,121,119,0,0,9,5,2016
49,Naman Ojha,17,13,3,136,37,13.6,138,98.55,0,0,7,5,2016
50,Usman Khawaja,6,6,0,127,30,21.16,100,127,0,0,14,3,2016
51,Kane Williamson,6,6,0,124,50,20.66,122,101.63,0,1,14,0,2016
52,Eoin Morgan,7,6,1,123,51,24.6,105,117.14,0,1,8,4,2016
53,Sachin Baby,11,6,1,119,33,23.8,79,150.63,0,0,9,5,2016
54,Shakib Al Hasan,10,7,2,114,66,22.8,106,107.54,0,1,7,5,2016
55,Gurkeerat Mann Singh,7,6,1,113,51,22.6,86,131.39,0,1,11,3,2016
56,Axar Patel,14,10,3,111,36,15.85,77,144.15,0,0,4,8,2016
57,Nitish Rana,4,3,0,104,70,34.66,75,138.66,0,1,7,8,2016
58,Dwayne Bravo,15,13,5,99,22,12.37,82,120.73,0,0,11,1,2016
59,Harbhajan Singh,14,7,4,92,45,30.66,84,109.52,0,0,11,2,2016
60,Sam Billings,5,4,0,88,54,22,64,137.5,0,1,4,4,2016
61,George Bailey,6,5,1,84,34,21,98,85.71,0,0,9,2,2016
62,Carlos Brathwaite,8,6,0,83,34,13.83,38,218.42,0,0,6,8,2016
63,James Faulkner,7,5,2,77,32,25.66,59,130.5,0,0,7,0,2016
64,Kevin Pietersen,4,4,2,73,37,36.5,61,119.67,0,0,4,3,2016
65,Sarfaraz Khan,5,4,2,66,35,33,31,212.9,0,0,7,4,2016
66,Ben Cutting,4,4,2,65,39,32.5,34,191.17,0,0,4,6,2016
67,Stuart Binny,14,6,3,63,21,21,39,161.53,0,0,5,4,2016
68,Pawan Negi,8,6,4,57,19,28.5,59,96.61,0,0,2,3,2016
69,Martin Guptill,3,3,0,57,48,19,55,103.63,0,0,3,3,2016
70,Travis Head,3,3,1,54,37,27,40,135,0,0,3,2,2016
71,Bipul Sharma,7,4,2,51,27,25.5,25,204,0,0,1,5,2016
72,Ashish Reddy,4,3,1,47,32,23.5,29,162.06,0,0,2,4,2016
73,Hardik Pandya,11,9,2,44,9,6.28,63,69.84,0,0,4,0,2016
74,Bhuvneshwar Kumar,17,8,2,43,21,7.16,27,159.25,0,0,6,1,2016
75,Kedar Jadhav,4,3,3,42,25,0,32,131.25,0,0,2,2,2016
76,Ishan Kishan,5,5,0,42,27,8.4,41,102.43,0,0,5,0,2016
77,Ravichandran Ashwin,14,6,4,41,29,20.5,38,107.89,0,0,3,1,2016
78,Iqbal Abdulla,8,2,2,37,33,0,27,137.03,0,0,4,1,2016
79,Karn Sharma,5,3,3,36,26,0,30,120,0,0,3,1,2016
80,Rajat Bhatia,10,6,5,34,21,34,20,170,0,0,1,2,2016
81,Mitchell McClenaghan,14,5,2,34,20,11.33,23,147.82,0,0,2,3,2016
82,Mohit Sharma,14,6,2,32,15,8,26,123.07,0,0,3,1,2016
83,Colin Munro,4,3,0,30,16,10,30,100,0,0,3,0,2016
84,Tim Southee,11,4,1,30,25,10,19,157.89,0,0,1,2,2016
85,Shreyas Iyer,6,6,0,30,19,5,43,69.76,0,0,2,1,2016
86,Praveen Kumar,16,7,3,28,15,7,27,103.7,0,0,4,0,2016
87,Mayank Agarwal,3,3,0,27,10,9,25,108,0,0,3,1,2016
88,Piyush Chawla,12,3,0,27,11,9,26,103.84,0,0,4,0,2016
89,Chris Lynn,2,2,1,25,15,25,22,113.63,0,0,0,1,2016
90,Eklavya Dwivedi,4,2,0,24,19,12,14,171.42,0,0,2,2,2016
91,Rajagopal Sathish,4,3,0,24,10,8,24,100,0,0,1,1,2016
92,Dhawal Kulkarni,14,5,3,23,6,11.5,15,153.33,0,0,2,0,2016
93,Nikhil Naik,2,2,0,23,22,11.5,31,74.19,0,0,1,0,2016
94,Jason Holder,4,4,0,22,13,5.5,19,115.78,0,0,2,1,2016
95,Akshdeep Nath,4,3,0,20,12,6.66,27,74.07,0,0,1,0,2016
96,Pradeep Sahu,5,2,1,19,18,19,13,146.15,0,0,1,1,2016
97,Albie Morkel,2,1,0,16,16,16,9,177.77,0,0,0,2,2016
98,Rishi Dhawan,2,2,2,14,11,0,6,233.33,0,0,0,1,2016
99,Farhaan Behardien,3,3,1,14,9,7,13,107.69,0,0,2,0,2016
100,Vinay Kumar,3,2,1,13,12,13,12,108.33,0,0,0,1,2016
101,Kyle Abbott,5,3,2,13,12,13,8,162.5,0,0,0,1,2016
102,KC Cariappa,5,2,1,13,12,13,11,118.18,0,0,0,1,2016
103,Irfan Pathan,4,3,0,11,7,3.66,13,84.61,0,0,0,0,2016
104,Parveez Rasool,4,1,0,10,10,10,9,111.11,0,0,1,0,2016
105,Nathan Coulter-Nile,4,2,2,9,7,0,14,64.28,0,0,1,0,2016
106,Umesh Yadav,9,2,1,9,7,9,5,180,0,0,0,1,2016
107,Jasprit Bumrah,14,2,1,8,6,8,11,72.72,0,0,1,0,2016
108,Lendl Simmons,1,1,0,8,8,8,8,100,0,0,0,1,2016
109,Aditya Tare,3,2,0,8,8,4,15,53.33,0,0,1,0,2016
110,Sandeep Sharma,14,4,4,8,5,0,9,88.88,0,0,0,0,2016
111,Mitchell Marsh,3,1,0,7,7,7,11,63.63,0,0,0,0,2016
112,Pravin Tambe,7,1,1,7,7,0,19,36.84,0,0,1,0,2016
113,Sunil Narine,11,4,3,7,4,7,13,53.84,0,0,0,0,2016
114,Jayant Yadav,5,2,0,6,5,3,10,60,0,0,0,0,2016
115,Peter Handscomb,2,1,0,6,6,6,12,50,0,0,0,0,2016
116,Zaheer Khan,12,2,0,6,4,3,13,46.15,0,0,1,0,2016
117,David Wiese,1,1,1,5,5,0,4,125,0,0,0,0,2016
118,Imran Tahir,4,1,0,5,5,5,7,71.42,0,0,1,0,2016
119,Mitchell Johnson,3,3,1,5,4,2.5,14,35.71,0,0,0,0,2016
120,Barinder Sran,14,4,4,4,2,0,4,100,0,0,0,0,2016
121,Amit Mishra,14,2,0,4,3,2,14,28.57,0,0,0,0,2016
122,Ankit Sharma,3,1,1,3,3,0,3,100,0,0,0,0,2016
123,Chris Jordan,9,1,0,3,3,3,4,75,0,0,0,0,2016
124,Shreyas Gopal,1,1,0,2,2,2,16,12.5,0,0,0,0,2016
125,Mohammad Shami,8,2,2,2,2,0,4,50,0,0,0,0,2016
126,Ashish Nehra,8,2,2,1,1,0,1,100,0,0,0,0,2016
127,Shadab Jakati,6,1,1,1,1,0,2,50,0,0,0,0,2016
128,Morne Morkel,10,2,2,1,1,0,1,100,0,0,0,0,2016
129,Kane Richardson,4,1,1,1,1,0,1,100,0,0,0,0,2016
130,Dale Steyn,1,1,0,1,1,1,2,50,0,0,0,0,2016
131,Shahbaz Nadeem,4,1,1,1,1,0,5,20,0,0,0,0,2016
132,Murugan Ashwin,10,1,0,0,0,0,1,0,0,0,0,0,2016
133,Shivil Kaushik,7,2,1,0,0,0,1,0,0,0,0,0,2016
134,Swapnil Singh,1,1,0,0,0,0,1,0,0,0,0,0,2016
135,Adam Zampa,5,1,0,0,0,0,1,0,0,0,0,0,2016
136,Unmukt Chand,1,1,0,0,0,0,4,0,0,0,0,0,2016
1,David Warner,14,14,3,641,126,58.27,452,141.81,1,4,63,26,2017
2,Gautam Gambhir,16,16,4,498,76,41.5,389,128.02,0,4,61,7,2017
3,Shikhar Dhawan,14,14,1,479,77,36.84,376,127.39,0,3,53,9,2017
4,Steve Smith,15,15,3,472,84,39.33,387,121.96,0,3,38,12,2017
5,Suresh Raina,14,14,3,442,84,40.18,307,143.97,0,3,42,13,2017
6,Hashim Amla,10,10,3,420,104,60,288,145.83,2,2,40,17,2017
7,Manish Pandey,14,13,5,396,81,49.5,308,128.57,0,2,28,12,2017
8,Parthiv Patel,16,16,0,395,70,24.68,293,134.81,0,2,49,8,2017
9,Rahul Tripathi,14,14,0,391,93,27.92,267,146.44,0,2,43,17,2017
10,Robin Uthappa,14,13,0,388,87,29.84,235,165.1,0,5,36,21,2017
11,Sanju Samson,14,14,0,386,102,27.57,273,141.39,1,2,32,19,2017
12,Kieron Pollard,17,16,3,385,70,29.61,276,139.49,0,3,26,22,2017
13,Ajinkya Rahane,16,16,1,382,60,25.46,323,118.26,0,2,35,9,2017
14,Rishabh Pant,14,14,0,366,97,26.14,221,165.61,0,2,28,24,2017
15,Dinesh Karthik,14,13,3,361,65,36.1,259,139.38,0,2,30,11,2017
16,Shreyas Iyer,12,12,2,338,96,33.8,243,139.09,0,2,36,10,2017
17,Rohit Sharma,17,16,2,333,67,23.78,273,121.97,0,3,31,9,2017
18,Nitish Rana,13,12,1,333,62,30.27,264,126.13,0,3,24,17,2017
19,Manoj Tiwary,15,13,3,324,60,32.4,236,137.28,0,2,31,11,2017
20,Brendon McCullum,11,11,0,319,72,29,217,147,0,2,29,18,2017
21,Ben Stokes,12,11,1,316,103,31.6,221,142.98,1,1,22,15,2017
22,Glenn Maxwell,14,13,3,310,47,31,179,173.18,0,0,19,26,2017
23,Virat Kohli,10,10,0,308,64,30.8,252,122.22,0,4,23,11,2017
24,Aaron Finch,13,13,1,299,72,24.91,180,166.11,0,2,25,19,2017
25,Chris Lynn,7,7,1,295,93,49.16,163,180.98,0,3,25,19,2017
26,MS Dhoni,16,15,4,290,61,26.36,250,116,0,1,15,16,2017
27,Karun Nair,14,13,0,281,64,21.61,226,124.33,0,1,39,6,2017
28,Moises Henriques,12,11,5,277,55,46.16,203,136.45,0,3,28,4,2017
29,Ishan Kishan,11,10,0,277,61,27.7,206,134.46,0,1,29,13,2017
30,Jos Buttler,10,10,0,272,77,27.2,177,153.67,0,1,27,15,2017
31,Kedar Jadhav,13,13,1,267,69,22.25,186,143.54,0,1,25,10,2017
32,Shaun Marsh,9,8,0,264,84,33,194,136.08,0,2,36,5,2017
33,Kane Williamson,7,7,1,256,89,42.66,169,151.47,0,2,20,10,2017
34,Yuvraj Singh,12,11,2,252,70,28,177,142.37,0,2,30,8,2017
35,Hardik Pandya,17,16,9,250,35,35.71,160,156.25,0,0,11,20,2017
36,Krunal Pandya,13,11,4,243,47,34.71,179,135.75,0,0,24,7,2017
37,Dwayne Smith,12,12,1,239,74,21.72,156,153.2,0,2,32,8,2017
38,Wriddhiman Saha,14,11,1,234,93,23.4,187,125.13,0,1,20,8,2017
39,Manan Vohra,11,9,0,229,95,25.44,159,144.02,0,1,23,9,2017
40,Axar Patel,14,13,5,227,44,28.37,162,140.12,0,0,11,11,2017
41,Sunil Narine,16,14,1,224,54,17.23,130,172.3,0,1,34,10,2017
42,AB de Villiers,9,9,1,216,89,27,163,132.51,0,1,12,16,2017
43,Chris Gayle,9,9,0,200,77,22.22,163,122.69,0,1,15,14,2017
44,Mandeep Singh,11,10,0,188,52,18.8,177,106.21,0,1,21,4,2017
45,Ravindra Jadeja,12,10,6,158,28,39.5,113,139.82,0,0,13,4,2017
46,Chris Morris,9,9,4,154,52,30.8,94,163.82,0,1,15,6,2017
47,Travis Head,7,7,2,151,75,30.2,108,139.81,0,1,9,6,2017
48,Pawan Negi,12,10,2,144,35,18,111,129.72,0,0,10,7,2017
49,Yusuf Pathan,15,11,3,143,59,17.87,115,124.34,0,1,9,6,2017
50,Corey Anderson,11,11,4,142,41,20.28,123,115.44,0,0,8,9,2017
51,Sam Billings,6,6,0,138,55,23,104,132.69,0,1,19,1,2017
52,Lendl Simmons,7,7,0,137,66,19.57,112,122.32,0,2,10,8,2017
53,Martin Guptill,7,7,1,132,50,22,88,150,0,1,17,5,2017
54,Colin de Grandhomme,12,9,1,126,36,15.75,92,136.95,0,0,10,6,2017
55,Suryakumar Yadav,10,7,1,105,31,17.5,88,119.31,0,0,8,3,2017
56,Vijay Shankar,4,4,2,101,63,50.5,75,134.66,0,1,12,1,2017
57,Ambati Rayudu,5,5,0,91,63,18.2,78,116.66,0,1,7,3,2017
58,David Miller,5,4,1,83,30,27.66,80,103.75,0,0,4,4,2017
59,Naman Ojha,14,5,1,79,34,19.75,65,121.53,0,0,2,3,2017
60,Dan Christian,13,9,4,79,17,15.8,49,161.22,0,0,5,5,2017
61,Deepak Hooda,10,6,3,78,19,26,52,150,0,0,5,4,2017
62,Stuart Binny,8,7,2,78,18,15.6,76,102.63,0,0,6,3,2017
63,Pat Cummins,12,9,4,77,24,15.4,53,145.28,0,0,5,4,2017
64,Shane Watson,8,7,1,71,24,11.83,78,91.02,0,0,6,1,2017
65,Eoin Morgan,4,4,0,65,26,16.25,62,104.83,0,0,6,2,2017
66,Jason Roy,3,3,1,59,31,29.5,40,147.5,0,0,9,1,2017
67,Kagiso Rabada,6,3,0,55,44,18.33,64,85.93,0,0,5,1,2017
68,James Faulkner,8,6,2,54,21,13.5,57,94.73,0,0,4,0,2017
69,Andrew Tye,6,3,1,53,25,26.5,30,176.66,0,0,4,3,2017
70,Saurabh Tiwary,1,1,0,52,52,52,43,120.93,0,1,9,0,2017
71,Ben Cutting,4,3,1,51,20,25.5,26,196.15,0,0,5,3,2017
72,Mohit Sharma,14,7,1,51,13,8.5,50,102,0,0,3,1,2017
73,Amit Mishra,14,6,5,49,13,49,52,94.23,0,0,2,2,2017
74,Karn Sharma,9,6,0,49,19,8.16,41,119.51,0,0,5,2,2017
75,Chris Woakes,13,7,3,46,18,11.5,47,97.87,0,0,4,1,2017
76,Sheldon Jackson,4,3,1,38,16,19,31,122.58,0,0,5,0,2017
77,Mohammad Shami,8,6,2,36,21,9,24,150,0,0,4,2,2017
78,Ishank Jaggi,2,2,1,33,28,33,39,84.61,0,0,3,0,2017
79,Sreenath Aravind,10,8,4,32,9,8,40,80,0,0,2,0,2017
80,Angelo Mathews,3,2,0,32,31,16,27,118.51,0,0,2,1,2017
81,Bipul Sharma,7,3,2,31,21,31,24,129.16,0,0,2,1,2017
82,Marlon Samuels,5,4,0,29,27,7.25,31,93.54,0,0,1,2,2017
83,Basil Thampi,12,5,5,28,13,0,28,100,0,0,1,1,2017
84,Mayank Agarwal,3,3,0,26,20,8.66,27,96.29,0,0,3,0,2017
85,Aniket Choudhary,5,3,2,25,15,25,20,125,0,0,1,1,2017
86,Ankit Sharma,1,1,0,25,25,25,15,166.66,0,0,2,1,2017
87,Kuldeep Yadav,12,2,0,20,16,10,22,90.9,0,0,2,0,2017
88,Mitchell Johnson,5,3,3,20,13,0,17,117.64,0,0,1,1,2017
89,Vishnu Vinod,3,3,0,19,9,6.33,26,73.07,0,0,1,1,2017
90,Rahul Tewatia,3,2,1,19,15,19,11,172.72,0,0,4,0,2017
91,Aditya Tare,3,3,0,18,18,6,23,78.26,0,0,3,0,2017
92,Marcus Stoinis,5,3,0,17,9,5.66,24,70.83,0,0,1,0,2017
93,Mitchell McClenaghan,14,7,3,16,12,4,15,106.66,0,0,0,1,2017
94,Harbhajan Singh,11,7,5,16,7,8,16,100,0,0,0,1,2017
95,Jasprit Bumrah,16,2,1,16,16,16,12,133.33,0,0,0,1,2017
96,Rajat Bhatia,3,2,1,16,16,16,17,94.11,0,0,0,1,2017
97,Sachin Baby,3,3,0,15,12,5,15,100,0,0,2,0,2017
98,Anureet Singh,1,1,0,15,15,15,12,125,0,0,2,0,2017
99,Deepak Chahar,3,1,0,14,14,14,6,233.33,0,0,0,2,2017
100,Nathan Coulter-Nile,8,3,0,14,6,4.66,12,116.66,0,0,0,2,2017
101,Yuzvendra Chahal,13,6,3,13,4,4.33,26,50,0,0,0,0,2017
102,Samuel Badree,7,5,0,13,8,2.6,23,56.52,0,0,0,0,2017
103,Carlos Brathwaite,2,2,0,12,11,6,15,80,0,0,2,0,2017
104,Ankit Bawne,1,1,1,12,12,0,12,100,0,0,1,0,2017
105,Swapnil Singh,4,2,0,12,10,6,19,63.15,0,0,0,0,2017
106,Rashid Khan,14,3,1,11,6,5.5,9,122.22,0,0,0,1,2017
107,Umesh Yadav,14,4,4,10,4,0,13,76.92,0,0,0,0,2017
108,Washington Sundar,11,5,4,9,5,9,12,75,0,0,0,0,2017
109,Tymal Mills,5,3,0,8,6,2.66,11,72.72,0,0,0,1,2017
110,Praveen Kumar,6,2,1,8,7,8,9,88.88,0,0,0,0,2017
111,Faf du Plessis,2,1,0,8,8,8,7,114.28,0,0,1,0,2017
112,Ishant Sharma,6,3,1,8,5,4,12,66.66,0,0,1,0,2017
113,Tim Southee,3,1,0,7,7,7,3,233.33,0,0,0,1,2017
114,Adam Milne,4,3,1,7,5,3.5,12,58.33,0,0,0,0,2017
115,Lasith Malinga,12,2,2,7,7,0,3,233.33,0,0,0,1,2017
116,Ankit Soni,7,3,1,7,7,3.5,9,77.77,0,0,0,1,2017
117,Sandeep Sharma,13,4,4,7,5,0,6,116.66,0,0,0,0,2017
118,Ashok Dinda,3,1,0,7,7,7,7,100,0,0,1,0,2017
119,Darren Bravo,1,1,1,6,6,0,5,120,0,0,1,0,2017
120,Iqbal Abdulla,2,1,1,5,5,0,7,71.42,0,0,0,0,2017
121,Adam Zampa,6,1,0,5,5,5,7,71.42,0,0,1,0,2017
122,Trent Boult,6,1,1,5,5,0,8,62.5,0,0,0,0,2017
123,Zaheer Khan,11,3,2,4,2,4,13,30.76,0,0,0,0,2017
124,Bhuvneshwar Kumar,14,2,1,4,4,4,4,100,0,0,0,0,2017
125,Varun Aaron,6,2,1,4,4,4,10,40,0,0,0,0,2017
126,Ankit Rajpoot,5,1,0,4,4,4,7,57.14,0,0,1,0,2017
127,Rahul Chahar,3,1,1,3,3,0,2,150,0,0,0,0,2017
128,Shahbaz Nadeem,7,4,1,2,2,0.66,9,22.22,0,0,0,0,2017
129,KC Cariappa,4,2,0,2,1,1,7,28.57,0,0,0,0,2017
130,Jaydev Unadkat,12,2,2,2,2,0,5,40,0,0,0,0,2017
131,Mohammad Nabi,3,1,0,2,2,2,3,66.66,0,0,0,0,2017
132,Piyush Chawla,6,1,0,2,2,2,6,33.33,0,0,0,0,2017
133,Irfan Pathan,1,1,0,2,2,2,3,66.66,0,0,0,0,2017
134,Pradeep Sangwan,5,3,1,2,1,1,4,50,0,0,0,0,2017
135,Dhawal Kulkarni,6,1,0,1,1,1,2,50,0,0,0,0,2017
136,Lockie Ferguson,4,1,1,1,1,0,1,100,0,0,0,0,2017
137,Shakib Al Hasan,1,1,1,1,1,0,1,100,0,0,0,0,2017
138,Shardul Thakur,12,3,0,0,0,0,3,0,0,0,0,0,2017
139,Siddarth Kaul,10,1,1,0,0,0,2,0,0,0,0,0,2017
140,Munaf Patel,2,1,0,0,0,0,1,0,0,0,0,0,2017
141,Akshdeep Nath,1,1,0,0,0,0,1,0,0,0,0,0,2017
142,Chris Jordan,1,1,0,0,0,0,1,0,0,0,0,0,2017
143,Imran Tahir,12,1,1,0,0,0,2,0,0,0,0,0,2017